email,password,username
casoprueba360@software.com,PruebaTuCan,cambioUser360
casoprueba361@software.com,PruebaTuCan,cambioUser361
casoprueba362@software.com,PruebaTuCan,cambioUser362
casoprueba363@software.com,PruebaTuCan,cambioUser363
casoprueba364@software.com,PruebaTuCan,cambioUser364
casoprueba365@software.com,PruebaTuCan,cambioUser365
casoprueba366@software.com,PruebaTuCan,cambioUser366
casoprueba367@software.com,PruebaTuCan,cambioUser367
casoprueba368@software.com,PruebaTuCan,cambioUser368
casoprueba369@software.com,PruebaTuCan,cambioUser369
