email,password,text
casoprueba500@software.com,PruebaTuCan,
casoprueba501@software.com,PruebaTuCan,
casoprueba502@software.com,PruebaTuCan,
casoprueba503@software.com,PruebaTuCan,
casoprueba504@software.com,PruebaTuCan,
casoprueba505@software.com,PruebaTuCan,
casoprueba506@software.com,PruebaTuCan,
casoprueba507@software.com,PruebaTuCan,
casoprueba508@software.com,PruebaTuCan,
casoprueba509@software.com,PruebaTuCan,
casoprueba510@software.com,PruebaTuCan,
casoprueba511@software.com,PruebaTuCan,
casoprueba512@software.com,PruebaTuCan,
casoprueba513@software.com,PruebaTuCan,
casoprueba514@software.com,PruebaTuCan,
casoprueba515@software.com,PruebaTuCan,
casoprueba516@software.com,PruebaTuCan,
casoprueba517@software.com,PruebaTuCan,
casoprueba518@software.com,PruebaTuCan,
casoprueba519@software.com,PruebaTuCan,
casoprueba520@software.com,PruebaTuCan,
casoprueba521@software.com,PruebaTuCan,
casoprueba522@software.com,PruebaTuCan,
casoprueba523@software.com,PruebaTuCan,
casoprueba524@software.com,PruebaTuCan,
casoprueba525@software.com,PruebaTuCan,
casoprueba526@software.com,PruebaTuCan,
casoprueba527@software.com,PruebaTuCan,
casoprueba528@software.com,PruebaTuCan,
casoprueba529@software.com,PruebaTuCan,
casoprueba530@software.com,PruebaTuCan,
casoprueba531@software.com,PruebaTuCan,
casoprueba532@software.com,PruebaTuCan,
casoprueba533@software.com,PruebaTuCan,
casoprueba534@software.com,PruebaTuCan,
casoprueba535@software.com,PruebaTuCan,
casoprueba536@software.com,PruebaTuCan,
casoprueba537@software.com,PruebaTuCan,
casoprueba538@software.com,PruebaTuCan,
casoprueba539@software.com,PruebaTuCan,
casoprueba540@software.com,PruebaTuCan,
casoprueba541@software.com,PruebaTuCan,
casoprueba542@software.com,PruebaTuCan,
casoprueba543@software.com,PruebaTuCan,
casoprueba544@software.com,PruebaTuCan,
casoprueba545@software.com,PruebaTuCan,
casoprueba546@software.com,PruebaTuCan,
casoprueba547@software.com,PruebaTuCan,
casoprueba548@software.com,PruebaTuCan,
casoprueba549@software.com,PruebaTuCan,
casoprueba550@software.com,PruebaTuCan,
casoprueba551@software.com,PruebaTuCan,
casoprueba552@software.com,PruebaTuCan,
casoprueba553@software.com,PruebaTuCan,
casoprueba554@software.com,PruebaTuCan,
casoprueba555@software.com,PruebaTuCan,
casoprueba556@software.com,PruebaTuCan,
casoprueba557@software.com,PruebaTuCan,
casoprueba558@software.com,PruebaTuCan,
casoprueba559@software.com,PruebaTuCan,
casoprueba560@software.com,PruebaTuCan,
casoprueba561@software.com,PruebaTuCan,
casoprueba562@software.com,PruebaTuCan,
casoprueba563@software.com,PruebaTuCan,
casoprueba564@software.com,PruebaTuCan,
casoprueba565@software.com,PruebaTuCan,
casoprueba566@software.com,PruebaTuCan,
casoprueba567@software.com,PruebaTuCan,
casoprueba568@software.com,PruebaTuCan,
casoprueba569@software.com,PruebaTuCan,
casoprueba570@software.com,PruebaTuCan,
casoprueba571@software.com,PruebaTuCan,
casoprueba572@software.com,PruebaTuCan,
casoprueba573@software.com,PruebaTuCan,
casoprueba574@software.com,PruebaTuCan,
casoprueba575@software.com,PruebaTuCan,
casoprueba576@software.com,PruebaTuCan,
casoprueba577@software.com,PruebaTuCan,
casoprueba578@software.com,PruebaTuCan,
casoprueba579@software.com,PruebaTuCan,
casoprueba580@software.com,PruebaTuCan,
casoprueba581@software.com,PruebaTuCan,
casoprueba582@software.com,PruebaTuCan,
casoprueba583@software.com,PruebaTuCan,
casoprueba584@software.com,PruebaTuCan,
casoprueba585@software.com,PruebaTuCan,
casoprueba586@software.com,PruebaTuCan,
casoprueba587@software.com,PruebaTuCan,
casoprueba588@software.com,PruebaTuCan,
casoprueba589@software.com,PruebaTuCan,
casoprueba590@software.com,PruebaTuCan,
casoprueba591@software.com,PruebaTuCan,
casoprueba592@software.com,PruebaTuCan,
casoprueba593@software.com,PruebaTuCan,
casoprueba594@software.com,PruebaTuCan,
casoprueba595@software.com,PruebaTuCan,
casoprueba596@software.com,PruebaTuCan,
casoprueba597@software.com,PruebaTuCan,
casoprueba598@software.com,PruebaTuCan,
casoprueba599@software.com,PruebaTuCan,
